Galaxy_ID,RA,Dec,Stellar Mass,Redshift,SFR,Scale length,F444W_Asymmetry_Median,F410M_Asymmetry_Median,F356W_Asymmetry_Median,F277W_Asymmetry_Median,F200W_Asymmetry_Median,F160W_Asymmetry_Median,F125W_Asymmetry_Median,F115W_Asymmetry_Median,F606W_Asymmetry_Median,F814W_Asymmetry_Median
10239,214.890069,52.829393,9.5,3.729,109.5,3.494949494949495,0.12896167605883005,0.14797533108704808,0.15667316799650507,0.162421915165727,0.3030133923936922,0.18109570946023074,0.1854361881475874,0.21715690605259502,0.17782524437709168,0.171753051211134
10464,214.901208,52.83813,10.5,2.46,58.92,3.3030303030303028,0.0518625389054741,0.05642158507609108,0.06542704097430957,0.12108046114546511,0.15023959397255277,0.19025483911489832,0.2031626320886036,0.1766687328449052,0.17936711882159184,0.19225554982215515
10990,214.898281,52.839508,9.47,4.438,0.8038,6.949494949494949,0.6611145638715683,0.5465298572751425,0.7882307690392267,0.8210981917943936,0.5231536564618091,0.127126571546243,0.1281369591929301,0.39288652123396917,0.09196943842894602,0.1731618106644023
11013,214.906372,52.845308,7.43,0.61,0.02754,5.03030303030303,0.20423185371686248,0.21161478029148284,0.3923194759898806,0.4320446658675112,0.34283329777268157,0.15092118480574324,0.15904929059143774,0.2869701597180943,0.17152715203473498,0.25014267737584384
11028,214.908192,52.846694,8.99,2.742,32.24,4.646464646464646,0.20109133767007692,0.22533381756458482,0.22993193422743477,0.2482075424713607,0.23324288999024873,0.13502865658304775,0.1328055373203128,0.2222534081277483,0.12500914788363557,0.13072906942551965
11097,214.906114,52.844422,10.6,1.531,2.488,4.454545454545454,0.17074331502300957,0.17615699493418846,0.18367459577313014,0.21170915641372995,0.38479095536720925,0.1684550735063966,0.17620976987015236,0.44114726345729205,0.23827180794590813,0.23618081740985325
11244,214.901424,52.842755,8.88,2.016,1.428,5.03030303030303,0.08479070441865841,0.09666530875238216,0.07377684372029547,0.08153337919212844,0.1622004596715433,0.153262218076556,0.15072319484623303,0.18766885352972618,0.1448030811118812,0.16332494787586094
11258,214.845699,52.803324,9.02,1.72,1.156,2.3434343434343434,0.34680274237506215,0.37696641006082926,0.4114359224387792,0.4151533646716853,0.30328572830498746,0.22798920966621478,0.22614300607353982,0.2845257928412485,0.22920377594365113,0.21374973240110134
11576,214.844884,52.803266,9.48,1.877,5.241,3.686868686868687,0.10543483574669946,0.10315482788423937,0.10708110796655976,0.11156288033600648,0.1445871616633969,0.09448784705536069,0.10950141470597136,0.15148475881687828,0.14189062624206386,0.12184205460323616
11608,214.836691,52.798734,7.11,0.745,0.2818,2.5353535353535355,0.11707697595085215,0.14365955465812774,0.1240428152623047,0.12989498868755334,0.13095673193689675,0.10428972088921912,0.10882258921863605,0.1364704805260365,0.13281389262778398,0.12062006742642908
11743,214.843031,52.802925,9.64,1.931,13.89,2.727272727272727,0.07656887076955682,0.09029427722502192,0.08982228669501141,0.094997780420965,0.14453001840512308,0.09179567977341838,0.1048393893787962,0.15191655647544433,0.14984500599767253,0.17940582565902602
11832,214.827925,52.79349,8.8,3.09,10.82,2.5353535353535355,0.37382462319468546,0.38344542867674014,0.511238208501009,0.6242751569232855,0.4591837323141351,0.17056736915841172,0.16694171337651803,0.3467425894264038,0.21239772279107966,0.24600851774526575
11857,214.881591,52.830654,9.51,2.372,2.504,3.111111111111111,0.12281227966818672,0.1361264043204156,0.14086630769819647,0.16080490090536353,0.20313674011969873,0.12003340512886429,0.12558591535000502,0.27309130369508117,0.15626595234798643,0.14806530263369727
11860,214.863465,52.818931,8.64,2.731,3.646,2.3434343434343434,0.18307012588916904,0.22263192916609725,0.2897763636266554,0.2933523213957724,0.3327670628496302,0.13745565079184183,0.11895266296378923,0.29799843372052043,0.1465231270560245,0.17694506785205533
12360,214.832913,52.799574,9.65,3.147,2.665,2.1515151515151514,0.12410106866854093,0.12832971527429607,0.1291155932132806,0.15240829869694594,0.20418756001522176,0.13537663661352806,0.12295121767021981,0.24287564302859208,0.14362893761161558,0.16141263893003308
12467,214.83114,52.798329,9.2,1.697,5.257,5.4141414141414135,0.2346408851483152,0.2541874412503796,0.2446180612484989,0.2550386444576944,0.23836090012314748,0.13604405003248984,0.13110962517705926,0.21748400713143,0.1456268212884491,0.1375040822511568
12517,214.835815,52.802498,9.3,2.039,2.15,2.3434343434343434,0.09703679736723081,0.0863284308418687,0.11014719603521678,0.12661374594080999,0.1612344324116319,0.141409555686513,0.17145031028432925,0.21978583321326997,0.17869960588638,0.1742479429065091
12593,214.823799,52.794778,7.87,1.134,2.815,2.5353535353535355,0.16239711767795367,0.1528632698016453,0.18006942946079132,0.21313271816637566,0.2067374171328802,0.12579581679605223,0.12957083711618572,0.20688171852860304,0.15379186170312784,0.1849398470957417
12766,214.897935,52.848424,8.99,3.045,18.6,2.727272727272727,0.3847491564530812,0.36278634199684173,0.5786250728933604,0.5660041727482915,0.3630770050747408,0.18374903213416177,0.1553028395791627,0.2798241800652805,0.1570369636425114,0.1963504225123576
12809,214.912528,52.857033,11.1,1.564,0.3036,5.797979797979798,0.09118152344266786,0.09824030748745777,0.1070494163106859,0.16195655018589478,0.16968479653946344,0.08406444014236508,0.07597459434163775,0.2163527361538133,0.1649087973384353,0.12044193762681
12881,214.845511,52.810437,9.85,1.64,173.1,5.6060606060606055,0.1600535984883884,0.16683343897058325,0.17043918516910922,0.185397530672264,0.2608110708542821,0.19196843044302825,0.22705140864132956,0.3459737794051678,0.5299272466285316,0.456033027589563
12966,214.822634,52.795895,8.46,1.6,0.1859,2.5353535353535355,0.2331723182531888,0.2783594196073331,0.3359623530772841,0.3510460155548254,0.29216653246227026,0.12284248233124694,0.15274150885053633,0.30117863459939387,0.1330298227388532,0.11803637279923583
13063,214.895118,52.847947,8.23,0.621,0.000788,4.838383838383838,0.3368314824944843,0.3198850362373816,0.5046844537298099,0.5533497440859259,0.4573105033577014,0.17505611871252302,0.1253103144108894,0.37678459379277773,0.12075307630197496,0.15147324641243365
13108,214.842982,52.810858,8.16,0.807,0.3142,3.494949494949495,0.13852260832561633,0.13130228585388642,0.12338293433770238,0.12046963240490426,0.16712155470711204,0.18840167842276997,0.14260810222638914,0.170809262903079,0.19837452821856444,0.16728296693208075
13212,214.855804,52.820593,7.76,0.813,2.441,2.919191919191919,0.7008944205750982,0.6606140652572212,0.808456181899273,0.7553665425203857,0.7062686133041763,0.30181706211938575,0.27859767612072406,0.6107117984944831,0.3142023141027745,0.29206168800601207
13409,214.846905,52.815545,8.46,0.821,0.215,3.111111111111111,0.3217511464094925,0.33093670101057787,0.3869535848297404,0.4318938899805891,0.46724579346454587,0.1839430874703118,0.15628858729425865,0.46473720366946714,0.15192938581303572,0.21063441081545586
13432,214.873292,52.834239,9.44,2.959,16.2,4.262626262626263,0.47943079160800905,0.4615422348857404,0.49113139890488167,0.5247883732314933,0.44005205886274334,0.20847198170541015,0.18840169539373192,0.2827870622897957,0.2124135635081255,0.2236411052958781
13512,214.851515,52.819445,9.68,4.419,0.9729,2.919191919191919,0.12706623648233553,0.12373181323512136,0.1444871816073425,0.14531996977489503,0.16127717989222706,0.14686902008509622,0.13909826894934105,0.15002246572900085,0.13536992189195574,0.15289087397582746
13914,214.903363,52.858397,8.07,0.58,0.1534,5.03030303030303,0.45551256494773507,0.4138418437436432,0.6689620816836096,0.7364553743323957,0.6083770404299702,0.32909433169235675,0.28693160393666983,0.6278637931110187,0.3955100429701927,0.5021462698575558
13932,214.873213,52.83635,10.3,2.476,15.94,3.111111111111111,0.07701683768217849,0.08040506368211414,0.09023209332918236,0.10598976831472677,0.17302287317191595,0.11782528103203488,0.17712521368107625,0.34321510222497154,0.3859675609510441,0.4053531174739142
14140,214.816632,52.797993,9.13,3.141,2.912,2.1515151515151514,0.12129739191183073,0.13008063006175685,0.13000587328784624,0.1375683865909173,0.1830636071315673,0.12567231934902318,0.12387103120408771,0.17711194830463217,0.15317596892678775,0.13997194051045644
14260,214.839057,52.814531,8.99,3.695,52.47,3.111111111111111,0.11934846791676493,0.1147846009166879,0.10226355898820813,0.1072513299988867,0.19346698693006834,0.12910947062303477,0.13470062845482186,0.1964498873053764,0.16564636083215123,0.15210061570604608
14362,214.849132,52.822111,8.66,1.625,0.735,2.1515151515151514,0.14031512259961756,0.1558532380174067,0.15680947951833524,0.14782172404604638,0.2010355027624489,0.1254652943989653,0.11636041568101443,0.21245666481417635,0.19633407278152637,0.14551974981887533
14483,214.84236,52.817868,8.87,1.604,0.4327,3.111111111111111,0.13453191373315088,0.1348445904367898,0.1118904696880623,0.1441486096871471,0.14575228161571452,0.13370146076367756,0.13384119921729098,0.1419536771612407,0.1544333822685784,0.1393335750704962
14527,214.841641,52.8178,8.77,2.305,0.2105,1.9595959595959596,0.22385637917528073,0.2780677119650372,0.4038131904678508,0.4052159278843078,0.30767100493923316,0.13894194472186353,0.13966508756293375,0.27879566482808166,0.14131259561938847,0.1565687138305279
14559,214.901938,52.859882,10.1,2.065,90.9,6.373737373737374,0.06660349991551007,0.06558801291473168,0.06486194762757244,0.07445937567370073,0.11661733309854747,0.10497023776572163,0.13385580855503829,0.20482682229226482,0.3377631301264939,0.2262513709293693
14591,214.871065,52.838869,9.01,2.03,2.141,3.111111111111111,0.09197888955075384,0.10147852085951622,0.0918627878992006,0.09532237287082881,0.16563213079241304,0.12068869666137969,0.13072002729995263,0.2377717129241273,0.15717081390576776,0.14109281554164133
14739,214.816361,52.800271,9.68,1.646,5.716,2.5353535353535355,0.3394398434929592,0.33945792770001004,0.35036008554350306,0.35827445562017435,0.3474227397434562,0.2271979200323162,0.19095061060722168,0.29389461202354417,0.20477616226267004,0.1853547645000987
14896,214.818093,52.802862,9.43,2.181,0.4541,2.1515151515151514,0.08320449944604456,0.09652676686231931,0.0909938264146607,0.09790619639086712,0.13524152274866297,0.11888304833078675,0.1210346505451067,0.1673751489262233,0.1426384343262302,0.1417969409439464
14921,214.839201,52.818092,9.1,2.6,1.965,2.919191919191919,0.10166399662013757,0.11404036242954999,0.09941881349945475,0.09342112055865587,0.19467688021377993,0.13219375772401648,0.13497985675317295,0.18157522868609566,0.19063360904375587,0.1631343397156869
15036,214.81555,52.800019,10.3,1.523,43.46,2.5353535353535355,0.09870055772517256,0.10389827790890863,0.11550461047550739,0.12106145526385995,0.19797474406994617,0.128314782800667,0.12014718602058881,0.21069925089198333,0.20152178684527638,0.2138420396356218
15039,214.834467,52.815597,9.38,2.465,0.4505,5.98989898989899,0.23518701161070943,0.24602311810557406,0.2702878924711013,0.2418054974768202,0.20330464579446547,0.16009899957978652,0.1344444364318041,0.15774508093219708,0.14865945845852363,0.16367145083470108
15607,214.876618,52.848569,9.06,3.251,14.93,2.3434343434343434,0.13069747456805297,0.14190307245933814,0.14652839717088112,0.13873449915914565,0.1769165982809069,0.15284889974910712,0.15618634436725898,0.19480224555288456,0.16322580717481913,0.16592601406000063
15956,214.886274,52.856101,9.78,1.942,3.702,7.141414141414141,0.6722963859010745,0.5932753488561817,0.6787528801201916,0.7082028237538283,0.6642389470397274,0.31888999807557994,0.21207411095062317,0.47755472447693015,0.3528946387535219,0.34932286933996964
16087,214.84038,52.824976,10.7,2.635,157.6,2.5353535353535355,0.0813561167324693,0.07795133300638754,0.09716942319040645,0.13508918790926677,0.20564217835930826,0.21333324969869238,0.17760017453893606,0.18122240973031503,0.17918274897249614,0.1804469970237166
16181,214.868447,52.844755,9.65,1.687,5.007,3.3030303030303028,0.25320196771035797,0.246711062533297,0.25537905093096025,0.25466507679994865,0.26150401403095996,0.1607424923971471,0.16361562424746348,0.22044855633525445,0.17045066784381802,0.18685855718320166
16400,214.842036,52.827708,8.49,1.4,0.4764,5.4141414141414135,0.3364654665920721,0.33444952373857045,0.5122240137391783,0.5362712352299169,0.4433277660503776,0.1093779508479722,0.1024747308953832,0.3488147449699748,0.14607771274919779,0.15949016036916808
16559,214.86244,52.842896,10.2,2.207,5.122,2.727272727272727,0.05817422759454613,0.06441968127112546,0.08772768539803315,0.178267755771268,0.36605733948423225,0.14577703453853394,0.1374715315708607,0.16774606190131822,0.13782601483261847,0.1448567343803686
16859,214.878639,52.856127,9.54,2.56,3.668,5.03030303030303,0.09457509844698225,0.10175061437489137,0.10382042246923912,0.12549411889685858,0.20571419445017586,0.12446414338227575,0.15276954139040583,0.2896999322774324,0.22926182192398312,0.20471048675778716
17208,214.835949,52.827775,9.16,2.884,1.277,2.919191919191919,0.13356483354549012,0.13015640749998728,0.14762281181405096,0.1419299295581857,0.16250660189136645,0.12695916529857726,0.11535051346944611,0.15646875425741363,0.1727928343798521,0.15490362469947755
17338,214.805465,52.806087,8.99,1.518,41.18,2.727272727272727,0.17531028884751582,0.20130719587040724,0.227010544473696,0.24784823430380454,0.2631585542217791,0.1325186075245047,0.14335463249234756,0.25576638154337117,0.20027528401150038,0.1886487908355532
17538,214.826882,52.822772,9.73,3.47,2.36,2.919191919191919,0.06371295910426306,0.07080009920906925,0.07856484038407316,0.0797279770596242,0.13572301684207727,0.1387892140290108,0.1396724647377464,0.14653134000308105,0.13807101312900863,0.14609381553221157
17770,214.836568,52.83118,9.05,2.475,1.146,2.1515151515151514,0.18571976069866308,0.20224642788737346,0.20349802725324134,0.21865770524378103,0.19772396334156406,0.12330470493241683,0.11430268721188011,0.15604161080121054,0.14042572014336738,0.1330033893311035
18116,214.813065,52.816201,8.73,1.506,0.232,2.1515151515151514,0.16779072717227272,0.18289374125366523,0.22034005914836224,0.21651222941127235,0.22895583750999743,0.12253031336830264,0.11146743333543659,0.2500764911319112,0.133888674494491,0.15910183302808212
18211,214.826482,52.825931,9.14,1.71,2.913,2.5353535353535355,0.23811125213279194,0.24065765459941665,0.270969496269405,0.2800406596394486,0.35069199871674434,0.1792860607513363,0.1392868944410737,0.3105882638398596,0.2042492961114773,0.2632717587328743
18296,214.873893,52.860567,8.56,1.731,0.1147,2.1515151515151514,0.2123949751599737,0.18668780712958688,0.3090977123787633,0.30592309010805874,0.3002494535907634,0.13947190347037647,0.1129780860318505,0.2196070930638187,0.14897171679449625,0.13692183430619698
18454,214.826464,52.826707,9.72,1.625,2.883,3.3030303030303028,0.06757850502703441,0.06964208329677024,0.07358014242373587,0.07460822068084459,0.12789584314105482,0.11608936475439502,0.11311734860694522,0.19694103846929017,0.13543314833637,0.13626967557984446
18523,214.862294,52.853041,9.24,1.504,2.883,3.3030303030303028,0.27317483746681775,0.27427860144732197,0.2755191256463982,0.28575743061550385,0.27529571765817695,0.16652103735921087,0.17280483438696526,0.22915336819947163,0.16796970897824223,0.18141384226186197
18709,214.858861,52.851494,9.79,4.466,9.087,3.8787878787878785,0.3218631209381426,0.29846463611046165,0.30716375833605214,0.32434323611259486,0.34222325521724156,0.25288565650546657,0.2200997475583269,0.3390748030461444,0.26814508950004684,0.303034678396491
18789,214.810527,52.817786,9.09,2.057,0.3904,2.3434343434343434,0.13954236869933523,0.17835020007947122,0.16429885730174787,0.18749779656293172,0.17963385820228173,0.11901472059927506,0.11425323880811367,0.15977212166339497,0.13505501667976252,0.1226590740953192
18792,214.806857,52.813893,9.51,1.36,2.615,3.111111111111111,0.12262638808303614,0.12686203134421215,0.12831705644690333,0.12942591251797186,0.14490268627290342,0.12047901599218014,0.1285350916825701,0.18110757222718812,0.18552338792526943,0.17800157139194517
18922,214.827261,52.829157,9.71,1.974,13.92,4.262626262626263,0.09326948341046075,0.09773478025708712,0.10371895757688518,0.11914151492134803,0.15636845507987557,0.11509473558391395,0.13213977396995713,0.21618439405424356,0.26168893593826337,0.22977884530196166
19427,214.830889,52.834237,9.76,1.42,5.165,5.98989898989899,0.1504249389852484,0.15154369418788882,0.1599191089247171,0.16533075020160629,0.18791436137532558,0.1553621564813749,0.15055711744059558,0.2523843797410362,0.3213745209977688,0.2755648850695742
20025,214.825923,52.835097,9.04,3.582,1.555,2.3434343434343434,0.26983754260225595,0.2637080757550174,0.35381531659764165,0.3666251460888287,0.2796078566093688,0.12932621811244976,0.12404924983228127,0.223487201898694,0.18535371659775823,0.1665365970288406
20175,214.815714,52.827584,9.51,1.841,1.729,7.333333333333333,0.1338057486697462,0.13673135254349011,0.19080833581169143,0.16387497449650198,0.17189337004912042,0.15908096580516504,0.15724853815934003,0.16270187228243438,0.15248758687352543,0.16261467782350225
20701,215.021906,52.976837,9.48,2.76,4.193,2.727272727272727,0.18586590312060502,0.19532839182850847,0.22080349665101318,0.23491742322296227,0.30872196738131485,0.12925204303744786,0.12439366665525664,0.228739915392827,0.1253901977259551,0.1435329189359043
20762,214.812319,52.825015,11.3,1.41,5549.0,2.919191919191919,0.10111358362654282,0.10375294015877307,0.12195609688914111,0.15621169043161534,0.2631932526659393,0.31129158498894755,0.44574497091179055,0.5824222197535537,0.9167291045598164,0.7515875505744907
20851,214.874544,52.873605,9.74,4.12,7.035,6.373737373737374,0.6850881030581708,0.6437589946794575,0.7984194185954983,0.8245500360615198,0.6398976932407472,0.29869044668865374,0.27087769219612157,0.5281282200963349,0.2829769969400492,0.3172451770406429
20906,215.034651,52.987357,8.0,1.903,9.685,2.3434343434343434,0.17501717897727978,0.18903786706286632,0.2167259784437641,0.22208027423188484,0.18026173137947923,0.13866209737366011,0.12488293717256009,0.16851285275177824,0.13832086421467438,0.14273491053149076
21048,215.047265,52.996955,8.44,1.462,0.396,3.494949494949495,0.33908272885491775,0.37816033649951597,0.49232004038584176,0.5189628219636337,0.5273859777114115,0.18786284043752596,0.19012507229468903,0.4477218708790711,0.2364244847817872,0.2983176526753962
21080,214.988488,52.955495,8.7,1.684,0.4697,2.3434343434343434,0.12316155226321174,0.1426176665526253,0.1533921736274088,0.16852975094335837,0.2262240527718111,0.15372635432316667,0.13991306708455806,0.21663743163154736,0.14295722425578636,0.1430791130541476
21081,214.997231,52.961243,9.43,2.748,7.825,2.5353535353535355,0.18364747711274304,0.19631928993224534,0.1991949162994508,0.21402475628311646,0.2808067416345015,0.1409785448547698,0.12859878884905482,0.37181641513960373,0.29367561408016585,0.3006352205456936
21133,214.902453,52.89426,10.5,2.035,6.277,2.919191919191919,0.05165595076664041,0.05590469865123286,0.06746357821201013,0.10347192316786773,0.1909358827504382,0.1758495158949041,0.20449327476055418,0.4698282121760251,0.2525941373110464,0.2607594758720803
21177,214.951512,52.929901,8.48,1.738,0.1036,2.727272727272727,0.12843360882567995,0.1488909604657781,0.11802522788639291,0.12376013391654175,0.14724835396580582,0.12029731202310309,0.10938001258003024,0.1332023554252098,0.12030509098787634,0.13644063096625952
21231,214.894536,52.889023,9.26,2.073,3.726,4.454545454545454,0.553583544390714,0.584403788778755,0.6303646143948743,0.6317611135738307,0.6538488029418328,0.27655124552165133,0.19675229145067874,0.5793662843800931,0.35882083835743256,0.31467480535188125
21320,214.936349,52.918583,10.1,1.425,331.6,4.646464646464646,0.06720461860549315,0.0710456479381112,0.07115114303018602,0.07588397096289683,0.0867954340680907,0.08582233235301615,0.09808014854332453,0.16191493027751896,0.27794557950335874,0.24251544090447252
21331,214.99308,52.960087,7.09,0.27,0.000889,2.3434343434343434,0.16177397152331296,0.18519097524465117,0.27882692015932714,0.3037318463198184,0.31491807540346906,0.13847369421217187,0.12418852255514296,0.2921704121926428,0.157801250963059,0.1848154984904318
21378,214.853927,52.861366,11.2,3.301,0.000118,2.3434343434343434,0.07987941242859936,0.09372323234440207,0.09477459133264235,0.10942372896324601,0.1512490377368595,0.17113038552053197,0.2158003352791717,0.183229672209837,0.14700974737487696,0.16347300246116014
21471,214.90371,52.89702,9.55,2.53,7.671,4.070707070707071,0.27605112588901126,0.2698558293556816,0.3082213110534765,0.30925986989640036,0.33012370297618887,0.1637686967372548,0.15409458988642627,0.34490119087072024,0.3079636059888049,0.25013387850721547
21479,214.87129,52.873887,9.59,1.637,20.57,4.646464646464646,0.09579970304245332,0.10043634015037178,0.10140427908817451,0.11934788227248481,0.1397067939907115,0.12978004082413164,0.14360542821321964,0.18950373943860296,0.22288444764730178,0.20860704396658503
21505,214.902781,52.895331,10.1,1.51,9.506,4.070707070707071,0.14537578300561693,0.15713276938558507,0.1589061031408066,0.16681443234879034,0.17547179522840622,0.11620805027442496,0.12813402892852782,0.2032727330141569,0.31400741523307246,0.2689060410631515
21586,214.97307,52.947308,8.56,1.486,0.4066,2.5353535353535355,0.13888835088881868,0.14322930535471876,0.15471566067039025,0.16507587154527414,0.20222703983753462,0.1293399948518159,0.12704699518644552,0.20234307454330733,0.15262391731839223,0.1748917930513798
21609,214.925441,52.913404,9.89,2.197,2.479,2.727272727272727,0.08209629001234958,0.06954716116776902,0.06349556149911388,0.06657559456024935,0.1288743388503431,0.11772157630241972,0.11428980314383225,0.13052827342865692,0.13089843111370275,0.12519161957725522
21648,214.799399,52.82377,8.92,1.68,0.7251,3.3030303030303028,0.10322286192648951,0.10142186784694304,0.09414915554501163,0.11879162929345838,0.1403435175487138,0.12364985643547383,0.12202320798874605,0.1571984067952917,0.1417969920615183,0.1317434910995192
21709,214.782699,52.812513,9.13,2.32,0.6229,3.3030303030303028,0.11432974214681474,0.11661112170018431,0.1066200418773672,0.11471931160209253,0.1467778883264475,0.1085044282047723,0.10074970904305953,0.11739830066087009,0.1535421614858308,0.1539489124372053
21783,214.92596,52.914264,9.12,1.946,0.8603,4.838383838383838,0.16429231113096454,0.14513201962838235,0.15493423932769437,0.18866928232048819,0.19927054679034517,0.12243488878478165,0.11103811900538063,0.15065309966083534,0.14456430053696961,0.13485275984309836
21788,214.853874,52.863486,7.91,0.608,1.83,3.8787878787878785,0.2504423413396747,0.28151838912132277,0.34860459810662714,0.4004839252068235,0.5257866680721794,0.14869192195827916,0.13056212695256514,0.44771793941201476,0.16126863178777817,0.21243126870246531
21797,214.811744,52.832759,10.3,2.036,5.861,2.5353535353535355,0.10476360727196557,0.11126399679168607,0.1253412768237866,0.11773079547678544,0.1586338613878227,0.13707196313390566,0.13337036351335568,0.18086137502079244,0.15041157588672255,0.13443322964234738
21836,214.982343,52.954274,9.43,1.841,66.9,3.686868686868687,0.1001010364922787,0.10710073450188096,0.10818428822573231,0.12138338944933452,0.15329266203877856,0.09814793465715269,0.0909819760294906,0.12815556790802402,0.26389377655429525,0.20213090262842975
21852,214.794767,52.821977,9.26,3.839,1.381,2.1515151515151514,0.12531953572329202,0.1339838629454366,0.09317080257135653,0.11494079453975165,0.12396338024018491,0.13677423281682444,0.12942824543603337,0.17129110640651257,0.13198249287400354,0.11705528050214098
21861,214.81078,52.833329,9.14,2.33,1.434,2.1515151515151514,0.1399699683041758,0.168418294946948,0.17115079314148063,0.16948800999047914,0.2208708350821232,0.17518678708572388,0.1675957292212183,0.2421858194587403,0.19862888573913312,0.18524257135530137
22019,214.80285,52.828101,9.66,2.45,126.9,2.3434343434343434,0.13164906590070405,0.13390002633135922,0.1305601040112065,0.14522023857803443,0.15783210109716744,0.12344798902188892,0.1255249489789092,0.1788466716316709,0.17207501452352675,0.1511131062860522
22052,214.990954,52.962048,8.46,1.464,0.2937,3.111111111111111,0.13156658888745676,0.1472055597923927,0.10188765708074027,0.13601661963154044,0.18739979382162292,0.18273155586398576,0.16314443420142705,0.17076265095290827,0.16444041386373834,0.16358446473042734
22207,214.919333,52.912196,8.54,1.601,0.1448,3.3030303030303028,0.13344915259341233,0.11651360153445994,0.1751963283953086,0.15990486882134541,0.15905461327683856,0.12242034767154328,0.11652353355062917,0.1778180359278873,0.1464317066170761,0.15666345771150758
22219,214.991891,52.963493,8.53,1.421,15.47,2.1515151515151514,0.15607325262548866,0.1471651099411161,0.1840808710982547,0.1867147033963959,0.20326892833405302,0.13025788210789369,0.1214073543155591,0.17926686471214895,0.18068114027033927,0.14351684497503303
22267,214.977226,52.953532,11.4,7.208,259.8,13.09090909090909,0.11721107089293856,0.11449912139069382,0.09901838929042997,0.1412867402619864,0.2785977661029173,0.409580671546788,0.4145555663616982,0.4248632279059489,0.42809498913725674,0.4267836565113838
22311,214.800333,52.827075,10.5,1.933,67.91,5.222222222222222,0.05943671180961485,0.06446210664861658,0.09398533334651324,0.1705393911514483,0.30576689187837713,0.3340573306026776,0.3237852899115935,0.6931947962861915,0.34431479827433886,0.5433557401363298
22396,214.812026,52.836777,9.83,3.218,131.5,2.727272727272727,0.15012363915850097,0.17915315382037533,0.17914936354178188,0.19787888598950698,0.21682559358530235,0.13979053421120308,0.13953099888525683,0.2573874748376782,0.1493972039969685,0.16029672857787772
22401,214.979009,52.955568,8.91,1.579,0.3519,2.3434343434343434,0.1953281298242474,0.1879646851341727,0.20919891981182998,0.2552180408328037,0.25447649466423194,0.13420831701235894,0.13648106176529468,0.24752833101080537,0.1500199965603602,0.15995946541951872
22487,214.96024,52.941761,9.67,1.675,4.107,2.5353535353535355,0.09194536236282548,0.09178683587185049,0.08950331452296581,0.10874323318508847,0.12193005119967587,0.0719170130978809,0.09594753935187518,0.1349437374366152,0.27039015560916696,0.19966278910367843
22532,214.920117,52.913591,10.8,1.712,20.75,9.252525252525253,0.05337163452931244,0.06797805260601603,0.06895164314309835,0.07540415924429653,0.1281443058543167,0.11065371645984526,0.18494016680191583,0.2551527897808026,0.30120454310632544,0.36207777479133574
22550,215.036892,52.996923,9.17,2.355,3.418,2.5353535353535355,0.21309814758383094,0.2128227671963055,0.2347790794017049,0.24002851536891423,0.30617388671765283,0.15959998184803276,0.16865564849543452,0.34249938628557974,0.2694552765670547,0.2763476029901375
22567,214.936347,52.926283,9.0,2.999,1.115,2.5353535353535355,0.2979399468654862,0.23684344837915294,0.37618565927580144,0.34439166485055606,0.3771886146160983,0.12316408198686521,0.1111926884651604,0.2167506362976203,0.18285319564004676,0.1860730395086647
22604,215.028576,52.990479,10.7,1.594,0.3846,2.3434343434343434,0.05764536433610817,0.06285738459368978,0.06453906891213083,0.06968931154676361,0.11169728608662044,0.08095716408761278,0.09458042498582594,0.13318961605365526,0.15241804554930805,0.14843759087354658
22623,214.947522,52.934067,9.33,1.72,1.527,2.1515151515151514,0.15761509442659183,0.15992792722486057,0.1686037314125072,0.2095560307688014,0.2179144389299945,0.13602525069125682,0.15672661370476143,0.3057277019243419,0.19646686188397497,0.14962910842724936
22646,214.853874,52.866819,10.1,2.037,46.86,5.03030303030303,0.10368459376393951,0.1078582366255324,0.11075487353263273,0.11811403766208364,0.15239889612587665,0.15184148278425008,0.18177395993527948,0.27060832738285223,0.4166937386002549,0.3187827949945631
22738,214.87841,52.885354,9.53,1.631,3.254,3.686868686868687,0.06376148029568407,0.06306058707306128,0.08672406295439754,0.16882499455581756,0.284614664489948,0.14479745860470722,0.15418625798898117,0.349115662783407,0.13098468501488497,0.12684108543794076
22739,214.930253,52.922009,9.64,1.871,9.653,3.8787878787878785,0.09254376039478493,0.09873743974966223,0.09410823751029229,0.10970110869746119,0.13889696861036405,0.09847015407376611,0.13764475500586948,0.23516458246700553,0.309415096599873,0.2646429972933879
22788,215.007966,52.978003,8.79,1.642,0.2337,2.727272727272727,0.23555050237816239,0.23658355103804102,0.28418994234451866,0.29576841349903216,0.2875938190924501,0.12719744728221608,0.1184221205480151,0.21364897633159502,0.12226064810136436,0.1343488550753461
22814,214.848809,52.865357,8.35,0.76,0.0,2.919191919191919,0.24161768294009678,0.2226718291348095,0.24970491633042205,0.26788590567529164,0.24255477095630967,1.4141866398126857,0.1403277276013712,0.2364547025387585,0.1302538027335386,0.12773571971533004
22815,214.930228,52.922755,9.19,1.856,1.338,2.5353535353535355,0.10546519062049181,0.09985642344412587,0.11053436717995929,0.10060774877948497,0.17903968695087777,0.16288519174044974,0.1321319156521411,0.1813286870854557,0.2945354373901058,0.2573603020251155
22858,215.010139,52.978427,10.9,1.824,2.452,3.686868686868687,0.16287304641613576,0.17120615709222003,0.18371314597838254,0.2017707345907185,0.3761575280281162,0.16707491733208973,0.20469496519070354,0.45931975737032504,0.2309039163432678,0.22900528224581576
22891,214.783868,52.819494,8.93,2.561,3.419,2.3434343434343434,0.40887743030850476,0.42000845737338866,0.4908183552039156,0.4989256650514451,0.5027397615408973,0.16542345973099434,0.13517607084122887,0.48511112991583205,0.22527814780506478,0.23447148603404055
23060,215.004899,52.977415,9.2,3.467,1.165,2.3434343434343434,0.4343763379737662,0.4512391978134871,0.5751169535389524,0.6283138591652417,0.5885498642823781,0.11475789176049692,0.11232720637621116,0.3107404498977562,0.2761066582946812,0.274050343629565
23096,215.010298,52.980597,9.74,1.988,6.77,2.3434343434343434,1.2047551819077,1.1639803522633383,1.2042418996717108,1.1595411594088756,0.9549376505672033,0.5164438743481181,0.4360242079423252,0.6457074945297121,0.4764562232482703,0.45362186984485325
23102,214.778449,52.816575,9.49,2.08,2.337,2.1515151515151514,0.16533233060223562,0.17876955609329642,0.19123209094332666,0.1934966136389737,0.23059872341098764,0.12844870733438082,0.1339670133708652,0.3214540738306435,0.18249925264096836,0.16547310844291446
23158,214.945917,52.935988,9.23,2.975,2.03,2.727272727272727,0.0721144385376123,0.08514199519233023,0.06819946977198042,0.08856561134967475,0.1327167026973398,0.13451737842459077,0.13225009539893584,0.13026512083453565,0.14130944976017873,0.13458731287717046
23205,214.850601,52.866404,11.2,2.071,64.83,3.111111111111111,0.08798772097963296,0.09365501894566886,0.09148242978733742,0.0949155350606482,0.1258166000672153,0.13517553998055304,0.13949907901606481,0.20795673725335634,0.14815526982940033,0.15108091458401413
23276,214.976906,52.95826,9.01,1.455,1.4,2.5353535353535355,0.10047705830675174,0.09501621717480346,0.10794719391501723,0.12252098205023407,0.16803395712200164,0.11786974889447598,0.13361734506766096,0.20772712063376425,0.18104477089193893,0.1712896915787544
23294,214.987459,52.966124,7.53,0.212,0.002856,2.3434343434343434,0.22869516345725502,0.2281333585305238,0.3423521172603551,0.35331954888667755,0.3417960737885747,0.17776971900831062,0.17128912864330476,0.3082808034876401,0.21935265519988623,0.23140414943844823
23304,214.946353,52.937219,9.13,3.115,0.5298,2.3434343434343434,0.142027439144848,0.1553078083479199,0.16895090883020542,0.18402227913663377,0.23641119965547513,0.1252162376807986,0.12239264718771106,0.16611150346593007,0.15473016409634033,0.1733644976163211
23325,214.988308,52.966455,9.67,2.22,3.294,2.5353535353535355,0.11532008218553258,0.10772498887084814,0.11435540372667859,0.10783992171614898,0.19522332103195159,0.11000193750675658,0.1259808658868326,0.2036411752235835,0.20704802367134967,0.16597435752953324
23386,214.914185,52.914611,9.36,1.768,121.0,2.3434343434343434,0.09990374095415175,0.10537194863790347,0.10750758442385625,0.11968411124505991,0.1548088249675475,0.1509871907298753,0.1620424138423654,0.17606080184908562,0.1521644739040621,0.16040494920636353
23399,214.865811,52.880616,8.59,2.349,0.8761,1.9595959595959596,0.18768878622635277,0.23795752044204532,0.328044431553708,0.32472941786394016,0.20234691062811833,0.12528581078862444,0.12248998132632338,0.1528156652032855,0.14708999762005692,0.13624676467545507
23424,214.973997,52.957347,9.01,2.388,1.553,2.727272727272727,0.08529786549378435,0.07972407320458336,0.0710750778076588,0.08301777520950654,0.11627100193902172,0.11837758799092493,0.1273832687855871,0.1309524746714115,0.12940218836625905,0.14179416324341723
23473,215.01281,52.98414,9.84,1.44,4.694,2.727272727272727,0.09483144900258936,0.09825515065604062,0.10200195672151216,0.10650252733233778,0.10579953433408151,0.11337825949770433,0.13109319562965027,0.15196504854602727,0.1530836252110084,0.1559212658156709
23484,214.923461,52.921453,9.92,3.138,5.879,2.727272727272727,0.21891712103595726,0.23988038584574256,0.23274937606366453,0.24827455727629322,0.31283256415126204,0.19873036816048395,0.21077066341099202,0.33653009824732744,0.28079102438989145,0.2151159412595608
23522,214.827732,52.853319,9.75,1.916,6.219,3.494949494949495,0.07631605272065142,0.07795695535356788,0.08378042361690688,0.08415200426942412,0.10710618195548119,0.15066853079506434,0.13986146575737946,0.13418519182899627,0.15271251453979987,0.14282133379502057
23604,214.779965,52.820365,9.53,2.502,1.794,2.1515151515151514,0.19435782855518752,0.20290492111819036,0.20558575947475582,0.22663919161110696,0.233937923732566,0.16130949371913572,0.1582889252438539,0.3129775150928141,0.15341332889345544,0.15732493906279477
23607,214.770839,52.813886,9.4,2.234,1.585,2.1515151515151514,0.11835717157720521,0.11285996128097417,0.12488839508842631,0.17433174603614837,0.17116295548467203,0.10932201622874332,0.1064470781961466,0.1644723198483048,0.15250020684902932,0.1236543733535229
23663,215.001361,52.978043,8.8,1.741,0.4001,2.1515151515151514,0.1486029575825048,0.17602457999670007,0.1896898578694734,0.17815952073976832,0.1613095768311908,0.13619764703993215,0.13825793977697376,0.1834152969940261,0.15860442286646453,0.13474662900760034
23686,214.806893,52.83975,8.49,1.097,13.66,2.1515151515151514,0.17946723892627303,0.20183877043854276,0.2126879634920522,0.21755837906139736,0.295108796247333,0.18496415827887375,0.1561234902537164,0.3258759051813233,0.33489287747988017,0.3067808232647593
23691,214.97591,52.959684,9.25,1.838,3.496,2.727272727272727,0.10706636125358646,0.11715150914215379,0.13009436664762675,0.13875961407748044,0.15778468524485045,0.11706601053111437,0.12319860589505813,0.15670560709671488,0.19484473049454126,0.1492946598129284
23721,214.919368,52.92031,8.22,1.632,3.073,2.5353535353535355,0.29000325046394543,0.2835479110188027,0.4637251364462634,0.4759406342179125,0.3076919055768247,0.14893007232363714,0.1488945733198152,0.27655588228551886,0.17762428170307049,0.14894823605520896
23747,214.871366,52.886323,8.59,1.992,0.6239,1.9595959595959596,0.2158290188566162,0.24798232680745158,0.3851943682946978,0.3711694496745699,0.37105173667431546,0.19440796382225028,0.15698301093009961,0.2880023819891995,0.1639812776392992,0.17618658106932517
23748,214.792278,52.830064,7.41,0.512,0.0364,2.5353535353535355,0.19189568491201903,0.2461611423500074,0.3608840413175877,0.4435636373358278,0.43803842606997345,0.14371218891592155,0.12634015186521608,0.44993957586855404,0.2193374789559408,0.2694981147115487
23797,214.823314,52.852387,9.03,1.665,0.2448,2.727272727272727,0.36017193285978855,0.32637848256000745,0.40030885463839544,0.3955959054840413,0.3168691174987147,0.2928831963921162,0.27499170201814194,0.27583574066181005,0.2539732134656614,0.273447029180941
23867,215.024215,52.995243,7.58,0.788,1.8,2.727272727272727,0.1975372885153571,0.22674591480561346,0.2711377589074255,0.2551997261374861,0.26502583788360534,0.11891994968668967,0.11406514408124352,0.21888673382863064,0.15615482953349813,0.1646855063884869
23981,214.884246,52.896362,9.16,1.62,2.107,3.494949494949495,0.09464821054964515,0.11581558882176232,0.11910930596305114,0.11915740991414081,0.13409299613827752,0.11411712318640777,0.12206344222954757,0.13220034643148748,0.1864263374821647,0.18743096659232433
24138,214.974628,52.961735,8.6,2.383,0.2777,4.838383838383838,0.24375396125057214,0.2987207744349124,0.4177183406801679,0.36421944214919766,0.28755571516537026,0.12717898182397885,0.12825549936268157,0.22450205312388752,0.1445049227355391,0.18601313096310218
24157,214.845526,52.870255,8.5,1.888,10.35,3.686868686868687,0.20390645157118104,0.22502369386842536,0.22906690373886782,0.25011536388170286,0.27612376213842726,0.1372804560909274,0.11725035284418009,0.23984930587331704,0.14365834430513136,0.16532184132403352
24310,214.912363,52.918455,7.98,1.045,5.853,2.5353535353535355,0.20188749989887933,0.17403794374062787,0.2151160439973232,0.21730666712106464,0.22348979511779754,0.13508727182234725,0.13310270518466605,0.23560057881949517,0.22146581527131223,0.20362567425589448
24328,214.84944,52.873066,10.3,2.248,7.624,4.646464646464646,0.028441359050120872,0.04232645615138482,0.03374637664317378,0.04684464665205333,0.09685018412721266,0.1163905366467553,0.13965041152607055,0.18965550192965058,0.16217340909017705,0.15630684786777166
24383,214.822091,52.854644,9.22,3.23,2.044,3.3030303030303028,0.297849221561311,0.28441591842587616,0.33745341352318525,0.3565004126611566,0.44772690771378026,0.14830646070644843,0.1265666924838071,0.3155230996259455,0.15777688724928135,0.23192097741738843
24565,214.773713,52.821106,7.54,0.685,0.02171,4.838383838383838,0.1889912008145754,0.1996630642224958,0.36816044809956416,0.3876366577143563,0.26769611989529224,0.10139858287134706,0.09650562670243026,0.23435823433954311,0.10307634916644229,0.1266979939861883
24619,214.818138,52.85265,9.43,1.787,2.642,2.3434343434343434,0.10092860292980112,0.09680030011238823,0.12311730004784646,0.13414480641836177,0.167647992865071,0.15840033202628678,0.1967882602173346,0.27102413570568107,0.23164337181602468,0.2344523928264567
24676,214.786843,52.830549,9.52,2.662,4.157,3.494949494949495,0.1516579020161339,0.16449618153632756,0.17572497324217828,0.18896247290946383,0.1605625507064617,0.12126037269340917,0.11790113222899087,0.16490126179036516,0.14199653575017904,0.1299926820900388
24757,214.952546,52.948638,9.1,1.653,1.702,2.5353535353535355,0.08105775496258114,0.09581840941958358,0.08059725097490365,0.08396383485056436,0.1395732951575742,0.10392789135903682,0.12664556436015606,0.19601103957210486,0.1578559750857837,0.18759865336618342
24820,214.862453,52.884369,9.78,1.842,5.551,4.838383838383838,0.06075821842160416,0.06947464982398163,0.07240294296853207,0.08333107992251926,0.09622825803653484,0.11338238585667343,0.12993665273372815,0.11348294925610761,0.12951630233829392,0.12168966999966888
24955,214.793342,52.836996,6.71,0.152,0.005073,3.686868686868687,0.15866757571417142,0.18794404717161084,0.21533258196763913,0.29107967690238856,0.2523475052769825,0.18919543317023135,0.15521038849989965,0.2451898502796394,0.18029894678814468,0.15845111839218703
24965,214.927313,52.932288,9.17,3.296,1.764,3.111111111111111,0.28985414046244107,0.23903381116335098,0.3393513046100832,0.35071424300491894,0.3241338358579709,0.11387548062092102,0.13242345963585306,0.18778486062425137,0.15373453625642072,0.14825866582736302
25029,214.768879,52.81941,7.68,0.589,1.885,2.919191919191919,0.13614484571933133,0.12874016329687865,0.14481720697478145,0.17537927881180676,0.17977181356978308,0.13340027324263293,0.11714355164545291,0.15973589314551584,0.13063214066442633,0.12825222202539444
25079,214.90884,52.919778,8.39,1.292,0.2865,3.111111111111111,0.20514478393276392,0.21623861008748851,0.2565701535791106,0.2598921647637649,0.2407964663411994,0.13213907800177208,0.13427828297604216,0.27029654325479696,0.17504096979173142,0.17163921520477415
25120,215.021264,52.999203,9.4,1.919,2.571,2.919191919191919,0.13187214836406722,0.12018538654288113,0.13842101574398524,0.1530312672302765,0.17732141205717442,0.1464537180865365,0.141121601441767,0.14336241635444474,0.16560392105723082,0.13975705054245974
25155,214.845661,52.874196,9.9,1.71,5.639,4.838383838383838,0.0858594076395316,0.09628647679883716,0.09743474056835666,0.11659860216464815,0.1552591745341823,0.10549039632959004,0.13468151894264208,0.17462477973435492,0.19955896173001736,0.18967003512699632
25217,214.936077,52.939805,7.77,0.793,1.135,2.5353535353535355,0.0870016537629317,0.10972951874326793,0.09322613439792514,0.08091259656146843,0.12757154768363788,0.13103725241260172,0.1258818443147921,0.1555978649546556,0.17670565951966039,0.17074622210908386
25234,214.884065,52.902452,9.41,1.517,1.011,6.949494949494949,0.12032921933876659,0.10873387102781104,0.12991810415430996,0.13671878483657673,0.15763536929563482,0.1134258995118437,0.12841622294492372,0.14773799853026648,0.12405524780220861,0.1357237689800608
25235,214.857644,52.883666,9.48,1.609,152.5,3.8787878787878785,0.1717374777077132,0.18716426537475245,0.2055838656141195,0.2042466611208951,0.1983032374861094,0.13696867134752067,0.14535309467511748,0.22230526100215825,0.21344359350403694,0.20505347541512212
25281,214.844054,52.873559,9.43,1.485,3.14,4.262626262626263,0.09315690154812412,0.11348695714280371,0.10218227355403714,0.11545508638455089,0.13958028048395296,0.1119607146296539,0.13751416902017888,0.19412401561138626,0.16429114129034755,0.17553894951566107
25437,214.857957,52.885304,9.52,3.61,4.903,2.3434343434343434,0.07454351517692913,0.1048788551361637,0.08226654246888905,0.12046801447999128,0.1761095168258923,0.12819859457127974,0.13156612094435666,0.18612942628997825,0.1727685339137975,0.19773201737494478
25443,214.942088,52.945054,8.93,2.187,12.96,3.111111111111111,0.162313613315277,0.18182032413192345,0.18454424701528563,0.1900793728226806,0.21702739673839164,0.13574419284570166,0.13020153621476738,0.20055921700851065,0.1681888597812209,0.1787838672149995
25490,214.791492,52.838074,11.1,4.596,1036.0,3.3030303030303028,0.10859742369151107,0.11245745508395509,0.12094484567337843,0.1741424603181972,0.3527396884623893,0.18121988826439633,0.21153346179226518,0.1858799189311759,0.1490878569470285,0.16134903929267053
25510,214.912157,52.924229,8.84,1.986,1.574,2.3434343434343434,0.2793797043674636,0.27594019013193827,0.2869030222810365,0.29631201793387196,0.3354795132249608,0.17700702888911757,0.18854549246322277,0.33366008660684,0.283183369307102,0.2000936172194237
25527,214.815999,52.856137,8.53,1.503,0.1799,2.919191919191919,0.24150484577954315,0.2340007387975685,0.27604488481201594,0.29752995710246577,0.2734035560245044,0.149688705835611,0.12836685243959756,0.21997199513337456,0.15900925108551445,0.13585079003683842
25540,214.875356,52.898221,8.92,1.804,0.9544,3.111111111111111,0.331508086627167,0.39012387158018713,0.4543927172699914,0.4506400905814659,0.45536692125909006,0.16427932784685026,0.14397910109221224,0.4062599474925568,0.30078598800605855,0.25427117057600623
25604,214.966284,52.961345,11.0,1.664,7.245,2.3434343434343434,0.12039278424471409,0.11903954126707295,0.12592660166398711,0.15718765299047083,0.23572886837243703,0.11359198442423611,0.12450991128071422,0.2726631012234454,0.2314611668046551,0.2502183265236077
25767,214.76993,52.824436,8.84,1.558,0.2276,2.727272727272727,0.08548523768108486,0.09587159328215879,0.06975660527944359,0.06957057634574138,0.14546097812222894,0.11736733772261063,0.11775556478342566,0.103753440324376,0.1352073488772212,0.12573765598269757
25875,214.795937,52.84318,10.2,2.664,15.08,2.919191919191919,0.07192597179250573,0.0849654898767034,0.09396545641855097,0.11177976714975582,0.17582868393918955,0.13829170063147941,0.12288451177460796,0.18570868754181008,0.1284184390168978,0.14761723790011116
25947,214.782655,52.832605,10.1,1.632,11.59,5.6060606060606055,0.09296512839074676,0.09989307420434138,0.09606930589652926,0.10590597985503239,0.12017057954734742,0.10537062819457509,0.1432261896363014,0.20298461841156717,0.2633374761208469,0.2284415056617967
26109,215.005586,52.993517,9.31,1.732,1.603,2.1515151515151514,0.22297397407514108,0.21178360510183356,0.2221801634921658,0.2519209964211454,0.2891694841648276,0.14220138961260576,0.14769690414767525,0.30859487351430415,0.24634446815442654,0.18177201566097803
26183,214.921037,52.93399,9.67,4.583,5.768,4.262626262626263,0.1437046535228213,0.16961087924230375,0.16380020773845966,0.187165282701293,0.21207639255998098,0.1602129752073134,0.15161159232435165,0.280743587092966,0.1537217248371266,0.18973886836008994
26210,214.843181,52.876737,10.4,1.994,916.1,3.3030303030303028,0.10497006779158141,0.10629344285921039,0.10986078001896903,0.12425498608144046,0.16171370682406236,0.1761053932368727,0.21154920284934203,0.27258812740377714,0.38842844814233185,0.35162057126825086
26418,215.028308,53.009223,11.2,1.782,25.33,3.3030303030303028,0.09657339488036173,0.10205618603955094,0.11014215815420614,0.13547425681632136,0.23962115015955793,0.174727446507421,0.2177587011822789,0.33255350913914816,0.4603587424029715,0.38868937909522727
26502,215.021356,53.006856,8.91,1.767,0.2581,2.727272727272727,0.29122869692941333,0.24787465414339194,0.35030511258578345,0.3397570470727784,0.2676034539390854,0.12049368280541,0.12299710087070537,0.26052661591806675,0.15388466616729451,0.14959815396089457
26503,215.025736,53.009104,9.29,2.504,6.322,3.8787878787878785,0.06007329548519689,0.07977673543778302,0.0809366125574221,0.08738389016018702,0.11950752751464226,0.10772021377158739,0.13051674086999188,0.17298834401792204,0.10618430238840021,0.13938450289619086
26581,214.9335,52.945069,8.33,1.637,0.2028,2.3434343434343434,0.21961593316498285,0.1829322502334803,0.1615380679432657,0.17892086361729076,0.18576204878003347,0.12082312753032753,0.12177277834269847,0.13950179943051916,0.14970784300002965,0.1504014363733387
26651,214.810583,52.858093,7.48,0.195,1e-06,5.6060606060606055,0.20758039985246923,0.1744054380653251,0.29348857377261717,0.33202551978316575,0.2577053017738254,0.21530346286485708,0.2434753523804947,0.27957195386764344,0.17277878187029444,0.17471442517770233
26670,214.921967,52.936832,9.58,2.6,88.9,3.3030303030303028,0.049256079794090926,0.08228044292766504,0.0621944547078625,0.08280951467111672,0.10107325127216746,0.08971881006901589,0.11675378163898598,0.13294802732848204,0.11897717121661641,0.12576062236719043
26723,214.870128,52.900777,9.08,3.889,57.29,2.919191919191919,0.13088538119786358,0.15306638439213732,0.13549418198614632,0.1621376931638206,0.18275692278262523,0.12947735788979203,0.12564075643378048,0.2640294356625958,0.13420130235036806,0.17187308782948185
26891,214.858454,52.892607,10.3,1.849,2.603,2.5353535353535355,0.0737936146869888,0.09710081681361696,0.09935270937919562,0.13857718190796917,0.21407418357254715,0.1709527778023942,0.2216763449726754,0.29071388995370007,0.13882232848576523,0.18499934051374464
26929,214.778309,52.835955,6.89,0.115,0.006908,6.565656565656565,0.2087730303710093,0.228844553029252,0.26227288296845647,0.24801351404087482,0.2595400475012616,0.15587227528745634,0.17656929820449263,0.2624521161166351,0.24312328526210597,0.23619271890565477
26940,214.942081,52.952282,9.51,1.531,4.33,3.3030303030303028,0.15450430730097442,0.15337952023072587,0.16318274895905596,0.1794439829320481,0.27016897875384505,0.11262678285645404,0.12650541194630313,0.32651862523248554,0.23467763777751421,0.2339506060538382
26963,214.87212,52.903585,8.31,1.454,0.3217,3.3030303030303028,0.17156856113791052,0.1720830997338842,0.1769757842729916,0.21133658205199068,0.2209357395615597,0.14057314989298236,0.13949365706223837,0.19288280373129502,0.18002765748819718,0.14920794216676678
26966,214.900804,52.92256,9.44,1.566,3.345,4.070707070707071,0.11566569834578916,0.11659956234480084,0.11908043667353624,0.13160560501206786,0.13679768935650932,0.10982675508001688,0.11153181746426921,0.13879850514144731,0.1455763320341214,0.13006410387223127
27001,214.827665,52.872133,7.13,0.875,0.4165,2.5353535353535355,0.30561618231811605,0.33736891419488974,0.44110921716181484,0.4315095301859877,0.39871507953858937,0.13503107265960806,0.14066115607776486,0.3722833645602862,0.17666502364077064,0.17979604820513723
27061,214.970336,52.973393,8.75,1.644,0.9803,2.727272727272727,0.1229244419640159,0.1425771880144076,0.14921583482723144,0.15530677802694084,0.19603290206839477,0.11068111722212715,0.11280798955371182,0.20867322813042938,0.19685446713841787,0.19419269810080886
27076,214.858451,52.894396,9.09,2.964,1.344,2.1515151515151514,0.22017857060332757,0.1889496990773314,0.26603293786041404,0.2859063181758752,0.24973977990094587,0.17697357855498563,0.1280440712865417,0.37566496417425266,0.28200000439333794,0.24815006939867912
27119,214.830317,52.874498,8.83,1.543,0.4809,2.727272727272727,0.18335761729707167,0.19055619439589674,0.19623447189837318,0.26083105489801417,0.284762980813437,0.15595399051848757,0.15136558709496403,0.2808645584472825,0.2775529594858904,0.24467178971577025
27233,214.921543,52.939901,6.77,0.245,0.03279,2.5353535353535355,0.15463111608635796,0.15091389678061834,0.1669268624140808,0.20230090956921076,0.20467872304983714,0.13810465895353147,0.1417925644399704,0.2198192044231074,0.13755909944554404,0.1551721500698906
27358,214.864723,52.899081,10.7,1.785,89.94,3.8787878787878785,0.10283423905108603,0.11699695588160057,0.1139878156059026,0.12595336916378452,0.25478413659880317,0.2833557713656426,0.3004252699312153,0.5272008419596081,0.1940121560737425,0.28677577502089197
27402,214.872973,52.906174,9.29,2.375,3.101,2.1515151515151514,0.09496770193019274,0.11679762151606565,0.1335783082227518,0.13939579287546264,0.20660867977365918,0.1342191877420261,0.14422028966057177,0.2398957874129673,0.19934487105401427,0.17967989093118142
27704,214.805386,52.859332,10.1,2.81,6.082,3.8787878787878785,0.053341712326653384,0.0591296118453683,0.06464745061869567,0.08304246727130679,0.15496777251886631,0.17978996123506324,0.16648889933488775,0.3302048377542767,0.28449051759487076,0.30594300437610555
27824,214.795539,52.866595,7.92,0.132,0.0538,3.686868686868687,0.5859774273103207,0.5560190548126819,0.5563576882284229,0.5281943258172581,0.46358837324862745,0.24551674891602526,0.14033314302068342,0.29719457563921675,0.13049884375444665,0.1521824974608887
27922,214.938955,52.956638,9.08,2.335,70.47,2.3434343434343434,0.14494464204810695,0.159942589944852,0.16676896330198177,0.17983398692784033,0.21269823839984367,0.11713057126711234,0.11922339666068875,0.180028271093288,0.1716674175636836,0.16114339922082138
28438,214.768016,52.850248,10.1,2.245,2.302,4.646464646464646,0.07474793465245169,0.07675096600762742,0.07700047382568487,0.08748115722344318,0.06871389122556185,0.1375935051673376,0.18150600582371576,0.1309829668451356,0.1740585958661896,0.15081474352920146
28440,214.744191,52.835465,10.3,2.325,7.086,2.727272727272727,0.08987480244421539,0.08667644265406578,0.09179785229941348,0.0918389573954072,0.15116450190110972,0.08820783303358873,0.10587149501253619,0.19978496806779406,0.1605988144293746,0.1474130510018679
28461,214.807263,52.878237,9.25,1.938,1.557,2.1515151515151514,0.16089545071242878,0.1533451782663684,0.16907567195098105,0.168108714827838,0.1874829351183872,0.17442658840679753,0.16294706546362653,0.209125023376478,0.18223229328712195,0.17623505593902175
28595,214.813768,52.884637,8.9,5.312,6.064,2.3434343434343434,0.15637267502116242,0.15144792978134303,0.17643195170202078,0.212208868071552,0.23624181613581113,0.14545062009474902,0.13434096696269254,0.33213278829956805,0.12342736866737412,0.162901976778024
28695,214.743785,52.833487,9.26,2.359,3.053,2.3434343434343434,0.1786839799688396,0.18836306811482467,0.19613245782086386,0.20763657162880522,0.2518256979413953,0.1349395879350172,0.13574085732181346,0.3211443230188439,0.1919408142882374,0.176372990940845
28989,214.752323,52.836278,9.53,2.4,12.43,2.3434343434343434,0.13930911580716415,0.1431307344548532,0.15868792257381056,0.16763615107307225,0.2049430697550335,0.12400284293178632,0.12807717494679866,0.21755345050318875,0.16829564629974875,0.1629021825927022
28995,214.752227,52.84028,9.04,1.735,0.2631,2.5353535353535355,0.12199999049590024,0.15181515469714668,0.16058206506781642,0.1712435430876777,0.2285710638983403,0.1285194616994751,0.12674015646725778,0.27683074205466884,0.16313097718526917,0.1920694524262632
29110,214.805698,52.873741,9.22,2.82,2.34,3.3030303030303028,0.0990874062000888,0.0994919249780658,0.08356819801191587,0.10217823925738845,0.17545675855952964,0.1080257002988248,0.12078595625670642,0.1408184606969322,0.167118031191322,0.14713666270138892
29118,214.820397,52.888037,8.75,2.314,0.3536,2.3434343434343434,0.20299113394023782,0.26540495433627787,0.28495363968085263,0.37059138619225207,0.25707164339364885,0.11416063809756796,0.10402588031716477,0.20320513718307942,0.15637020900270343,0.12637346913387232
29125,214.746521,52.836691,8.07,0.48,0.004321,3.111111111111111,0.24645527338689438,0.2717513363664087,0.29657585735481473,0.3388115131101668,0.3375887695298863,0.15682672597843375,0.14001890804034328,0.30173783302366297,0.1396788269604983,0.13473476331820694
29179,214.927882,52.961725,9.19,4.515,2.606,2.5353535353535355,0.2263179433535229,0.23034336641315345,0.33446244370000067,0.4135321093977332,0.43122620709298537,0.13448589597939373,0.11482611750713609,0.4252507997583951,0.1290076336013115,0.14333691824275868
29238,214.763108,52.841422,9.27,1.667,98.09,2.3434343434343434,0.3452901347513251,0.3755042911960783,0.39469349219220295,0.40451352676137264,0.5001315644400018,0.22332285077646236,0.21740965497222295,0.5676707796357456,0.44168192352729324,0.37218382902627933
29279,214.770272,52.848157,9.8,2.831,0.6267,13.09090909090909,0.1044686598704749,0.10782158251397007,0.1150155836534468,0.13515809740896986,0.1822313218555715,0.23588555217911167,0.2772026735630557,0.29967747269647454,0.3217775623648481,0.3037647689785743
29298,214.821535,52.884195,8.67,2.135,0.33,2.919191919191919,0.30644918969375423,0.32458433709780077,0.3772500455246185,0.40307838820231556,0.351413248852683,0.1378365884993886,0.13284401656056977,0.34200765929636734,0.166397243998499,0.14585769142119745
29524,214.947463,52.971915,8.58,1.57,0.174,2.3434343434343434,0.28106846685126413,0.23107879077337978,0.34737047088691964,0.3381243145762024,0.31245505927052464,0.12494889430289809,0.11137446862721417,0.28918033411300814,0.13059908970756334,0.1505684578795315
29531,214.824727,52.883611,10.6,2.174,0.02594,2.919191919191919,0.1612503822566428,0.17293115693152217,0.18705884128756833,0.22249707991870743,0.2884962818737139,0.2989098291949308,0.20407010165659445,0.34790034131590547,0.134670888529612,0.18596624831543412
29541,214.925426,52.955391,9.5,2.769,0.733,2.727272727272727,0.4683443835055552,0.4538295085779966,0.596016329541772,0.6387934247184349,0.5122213185629143,0.15160449704640547,0.11845648372116567,0.26847635714549883,0.20383167640356684,0.15629146772677727
29749,214.81875,52.879037,9.61,1.889,0.8138,2.3434343434343434,0.15765931899063995,0.14528867418384467,0.1521060312287936,0.1660910668842145,0.2263492918665862,0.2076108191152152,0.15638796748866368,0.23959320242882876,0.17292317450202138,0.18113113145972184
29995,214.746659,52.833987,8.61,0.915,0.008621,3.111111111111111,0.22170552218148554,0.20697746948733098,0.2231369727848091,0.24833863584217641,0.2564306444941319,0.13267177321393064,0.11982801602415055,0.24249695015138256,0.14189643877389213,0.14402306350550154
30062,214.75629,52.831865,9.9,1.632,1.421,3.494949494949495,0.06205071471220077,0.07433794256572025,0.07597629431539366,0.07546066757313086,0.10618068305152123,0.10226517628154741,0.11492432039365735,0.12228131864482497,0.15190323348129597,0.13221654277484246
30076,214.809591,52.871569,9.94,2.23,4.104,4.070707070707071,0.0917204252112897,0.07933642650959952,0.09603485117185176,0.09934848301935446,0.10442462053808221,0.15641611089298424,0.158400238146109,0.1536491914600588,0.18386895385638624,0.17475293508191173
30156,214.761958,52.83773,10.6,1.721,14.5,2.1515151515151514,0.19364211617199784,0.2053558413023078,0.21635845515469032,0.2621157228650709,0.33943700600025717,0.16529948113350446,0.1485327383198783,0.35751784141419873,0.14044516792223521,0.13502288904293103
30266,214.807026,52.869509,8.67,2.37,0.4927,2.1515151515151514,0.19039570059556044,0.19623598745068255,0.26089486436666276,0.2625199251565235,0.2803949800548944,0.12231018728700654,0.1159329885963489,0.23241590367232967,0.17866033963154643,0.16814478864401988
30341,214.776041,52.846488,8.77,3.244,0.7625,2.919191919191919,0.21822694938703271,0.20057320233890524,0.26644760088509145,0.2891284741973086,0.2949181924407616,0.11482532886416533,0.12226179496578843,0.2010014118092096,0.16294812306053547,0.15450243277348244
30379,214.780179,52.849091,7.23,0.2,0.001164,2.3434343434343434,0.17983884381284532,0.18814248290824903,0.2096798584330938,0.20797487506718149,0.18731740371206712,0.12955339744745742,0.10968520158536663,0.16854302994878217,0.13081301553133784,0.1722994431731441
30496,215.012657,53.013888,9.18,2.597,6.8,2.1515151515151514,0.609082845689245,0.6120324435612869,0.6966293406112952,0.6842152508516305,0.6189825523867087,0.2978035626452575,0.2708375911053039,0.48740655479821104,0.4509716843560556,0.378695295317653
30911,214.825733,52.878989,9.42,2.46,2.549,5.03030303030303,0.1494605116447291,0.15936154128519855,0.16448003995155108,0.16516048806525524,0.18448741166518842,0.19759238867803564,0.16660397325574167,0.19069486165325505,0.2266452021850337,0.22968764141881937
30918,214.96335,52.979492,8.69,1.173,0.3646,2.3434343434343434,0.15792508302329633,0.13785451571737445,0.143464462482736,0.1465283597287214,0.16170258499336787,0.11415284652822277,0.11791216992010914,0.13666668347619687,0.13812007824602568,0.11739421736074462
31001,214.764234,52.83337,9.13,4.108,15.18,2.1515151515151514,0.23450918917423874,0.23359388752378313,0.2766039699046168,0.25796348678970404,0.2941649982314113,0.11359889426575123,0.12593611429314944,0.22449532211344864,0.14516599239293365,0.1506655734598517
31063,214.916118,52.942602,8.53,0.825,4.9e-05,2.5353535353535355,0.11081836490156699,0.10996286220118401,0.10565634985874564,0.12080163226732801,0.12061994130835511,0.11263103295188409,0.10646025012508491,0.13508195093972622,0.11640338531612912,0.14359626824347854
31085,214.932501,52.956889,9.17,3.362,82.29,4.262626262626263,0.17891751990850754,0.1865473017462993,0.20268682331836102,0.20878799260726938,0.2823207613918326,0.1314009149629638,0.1359493106763591,0.2568980570826082,0.19236317088299354,0.19851159976187044
31189,214.824968,52.87852,8.96,2.263,0.4988,2.5353535353535355,0.17474358884586794,0.2000344905935163,0.21142297952311706,0.21206914724237247,0.2865265469344644,0.17594620724285703,0.1153709187137687,0.2654545042748472,0.1814974590372646,0.15348831926567874
31281,214.778054,52.844314,10.5,1.554,89.76,2.5353535353535355,0.13369723046389925,0.13150682941805697,0.14606107062011114,0.16746232654686546,0.24119064337409138,0.0873549514319017,0.1039972306014292,0.2209530459565887,0.1301339194275234,0.12280190860028775
31283,214.806207,52.865605,9.84,4.832,17.82,2.3434343434343434,0.15551325826945586,0.17389520152327181,0.19988494060215978,0.1960471222019473,0.21726112522939534,0.13372893546616646,0.13567700326534796,0.2552562203175247,0.15000578939483955,0.21290398113143819
31305,214.753261,52.826343,9.06,1.644,0.5934,2.3434343434343434,0.1575292315290572,0.1571269580641407,0.15472686101667238,0.16805990172195678,0.17429173062705106,0.13092211212798877,0.1380350822091838,0.19853917317482048,0.16237628970490403,0.16894203713546513
31342,214.904072,52.932704,10.5,2.134,9.942,2.5353535353535355,0.10034210574426333,0.12675810577632207,0.10843583111003402,0.12369963269916143,0.16221577740715404,0.1578167102043771,0.1283143643571296,0.1839789388655491,0.14589930684768548,0.15364738900413588
31448,214.807468,52.861879,9.46,1.78,1.037,2.727272727272727,0.08585297027978223,0.10943174655991832,0.10081170231047026,0.10914419182542756,0.112162859454711,0.10910501916886495,0.1299736724307068,0.128732444675701,0.12950614697157253,0.12885312364241128
31580,214.777312,52.841828,9.49,1.792,1.416,2.919191919191919,0.10405188695926557,0.12191189665574828,0.12795865941217943,0.1468445426396987,0.19154544191048228,0.11505554563908468,0.1258008723627564,0.26414311445729444,0.27942918001237593,0.24299610644731073
31615,214.918492,52.942306,9.03,1.825,1.207,2.5353535353535355,0.2125785166500061,0.20504159252645446,0.24261175521493056,0.25746278010714274,0.2610485049905392,0.15917720888749176,0.1543278972999279,0.2475984481733307,0.20474907470053275,0.17346117809447475
31715,214.979411,52.993487,9.06,1.231,1.085,2.5353535353535355,0.140949250467213,0.1473172771396751,0.14514070827399356,0.16712717055365092,0.1726308955977554,0.14461317573365692,0.1456589331062358,0.17833689200748193,0.12546681105344498,0.14409907805056432
31775,214.802973,52.862255,10.0,3.103,17.13,2.919191919191919,0.6343566591171945,0.6009372358892429,0.6140260548236596,0.6222787084753738,0.6278372176439431,0.39331730921050523,0.25442150556904175,0.4930469429350722,0.2941192828740037,0.37861787086140675
36500,214.841704,52.82178,9.45,4.107,1.479,1.7676767676767677,0.4812601683054313,0.48682317818810006,0.6942300981659513,0.757008971721446,0.5195508217791613,0.24896631100122607,0.2313107296872191,0.41459096799577344,0.25468682264266207,0.2959345783175522
36855,214.819181,52.812344,8.21,1.292,0.000432,4.454545454545454,0.24060445657525603,0.2619955262983138,0.41321531973382053,0.46364189818510393,0.3698490212657804,0.11358386869193071,0.10664315273802602,0.2923229820526849,0.11169633001421189,0.12382370256556789
37383,214.86282,52.852414,8.29,1.477,0.03895,2.3434343434343434,0.20337171382518357,0.20271131964827394,0.2831183338750785,0.27091050060553123,0.19502670088529994,0.11853886593186959,0.11933611352084292,0.19265585848644737,0.1274588237451037,0.1520023312090814
37407,214.87091,52.85863,8.38,1.616,0.05905,5.4141414141414135,0.2807897435868408,0.2462464640381998,0.5047113672955404,0.5118565323773525,0.35377920326716183,0.135185049652596,0.10895101548903058,0.3066761607738713,0.12557569871287413,0.11178273553128437
37745,214.857583,52.854763,8.59,2.275,0.448,6.949494949494949,0.18345534555050128,0.15636412968358065,0.3382594876086207,0.3137764731189412,0.19709068009739023,0.0999984965497748,0.09696061331344295,0.12444709029873541,0.10874139236235367,0.10631415548154086
37799,214.803431,52.817267,8.8,2.02,0.2032,3.111111111111111,0.18712946911085854,0.16946807608590897,0.18263178429126925,0.21432174799824355,0.19587872223761474,0.11733296103955684,0.10369566003280124,0.13073479116262587,0.1110750882466206,0.12546683585179857
37943,214.804831,52.820757,8.33,4.2,4.447,1.7676767676767677,0.1401069518446748,0.14875398258959693,0.19557743183482112,0.21657508011877777,0.25299905672816625,0.13599453668875244,0.11966938706256494,0.2530682911874783,0.14494870999015613,0.16093823202292362
38061,215.029724,52.982346,8.22,1.667,0.1327,4.454545454545454,0.23585192276006084,0.1861972496823387,0.3654369503572591,0.43844904285986325,0.2754730304241934,0.12237181042720757,0.11890826348588088,0.20141732466763168,0.13742068300682278,0.14283613486619123
38101,215.025661,52.98012,9.24,3.975,1.456,1.9595959595959596,0.1949218304739961,0.21482744320247915,0.2750848730687504,0.30424000479731883,0.2656208475455003,0.12572343116607065,0.11934336492424732,0.15499839396671128,0.14006294850866063,0.1590604043912457
38193,214.890912,52.886047,8.29,2.51,1.14,5.4141414141414135,0.23076967874241064,0.25768901599084426,0.40977438694816526,0.4417937738947294,0.31321705268721645,0.16756845640379497,0.16725596142402682,0.22409159366463924,0.19778526757160517,0.1801067788624347
38206,214.873047,52.873647,9.44,3.27,1.153,5.03030303030303,0.18233047545429482,0.20775714091267622,0.40897459793898633,0.4655719067987748,0.2826500635485747,0.13848134959199554,0.1249456520020562,0.23955576457059813,0.12376584102627261,0.14813065242279583
38267,214.842361,52.852986,8.59,3.86,0.3479,2.1515151515151514,0.24720006945529865,0.21027699663799604,0.33396969885816674,0.34647302967501636,0.26154935930651024,0.155030157247543,0.15214639863846507,0.19875233354286959,0.13450835191858718,0.15363693090876834
38291,214.962019,52.938222,9.04,3.327,14.7,3.3030303030303028,0.24337844502104036,0.26698749451647585,0.347313043074247,0.365800946062245,0.3089759801374199,0.1383270651394496,0.13028141828565992,0.23695643427259575,0.17558236098778027,0.16362351236662565
38376,214.933595,52.919471,8.48,1.635,0.05526,1.9595959595959596,0.22943035553006402,0.16757732600600395,0.24294911656315932,0.29950916301717356,0.22545707120125602,0.12391008872877896,0.10952980182157038,0.19150720218891176,0.14109266308053187,0.13050046292083795
38459,214.978319,52.952634,9.3,2.894,0.5366,2.919191919191919,0.12485343276265823,0.15548683059130533,0.12543890566091298,0.14379670182445026,0.13242800914633307,0.12042468438071322,0.1208477363235371,0.1172052788592085,0.1247917636704702,0.14068255255794385
38485,215.012235,52.977011,8.59,2.67,0.6477,2.3434343434343434,0.16565197214505306,0.15386253132432623,0.19459972557334132,0.17762177886632396,0.30690432428111014,0.1601655396915655,0.1265151675543577,0.16863887148357662,0.15787620048832918,0.14991605829520094
38554,214.941599,52.928439,9.35,5.68,0.8107,9.444444444444445,0.44027433092877866,0.30990243617204294,0.5062739910014937,0.4520305581176022,0.273837470168397,0.13562217369414709,0.1400574802562074,0.32959184272912356,0.15553723933535085,0.15597932394237196
38729,214.945918,52.934531,8.08,1.622,3.723,2.1515151515151514,0.21884671688757878,0.20146787667384783,0.3214692009851472,0.3078996550281478,0.2608377360589891,0.13964801396959464,0.12159497488677906,0.2031642711534704,0.15053932408715842,0.14014751381182172
38922,214.866058,52.881575,8.68,3.907,1.467,1.9595959595959596,0.18037451809741867,0.23071820815112304,0.26102947249616004,0.2968698560938072,0.24039659739115465,0.17152367716983305,0.16730732293259643,0.2285764299998742,0.17824265558784108,0.21163211218630407
38980,214.886183,52.896773,8.38,3.613,0.9172,3.3030303030303028,0.19370151708229827,0.19460261589429323,0.2885684407411822,0.3423474728741236,0.227176533882663,0.10466254037686482,0.1033718790697542,0.19669096238364675,0.12904740497187406,0.1544853228142548
39147,215.004501,52.983514,10.8,4.245,1503.0,2.727272727272727,0.10157993695713696,0.10075952855032091,0.10576968110932727,0.10770460120517751,0.23387402928231932,0.13659697679323096,0.13274146930895617,0.16170034259668242,0.1598910384332372,0.16302577512341399
39197,214.82031,52.853657,8.79,2.423,0.07424,2.1515151515151514,0.22032072859354174,0.19661339744250558,0.32873406267929006,0.27621059882389054,0.19907983889528313,0.12400713607607952,0.14706613984929734,0.23204021158590457,0.12354686917377475,0.14355648236396457
39355,214.836534,52.867839,8.26,3.107,0.5143,3.494949494949495,0.2579676145442978,0.24503911421490077,0.2912502560068655,0.40136534965388015,0.28408051751350705,0.1264288820687361,0.10825665313579251,0.19029187855878515,0.1512041129614144,0.15642330613765723
39519,214.788857,52.836573,7.89,1.237,0.08016,4.262626262626263,0.23675874191538937,0.253379046169832,0.45384633775055644,0.4928003155654698,0.34079088411723835,0.16670429396315628,0.17421516951259797,0.3248969129178786,0.16789810188940751,0.18389261591236325
39554,214.951833,52.952845,8.72,2.133,0.4253,1.9595959595959596,0.22828171474772962,0.2343239881782886,0.3399844316817672,0.3363350014528501,0.26855133829558314,0.12384942311866319,0.12499819476528301,0.18462545035377287,0.156651777663236,0.13665870511398426
39696,214.925353,52.936399,8.8,2.931,0.9763,2.1515151515151514,0.3344031661943071,0.307859188443918,0.4578050860416723,0.42666493400849237,0.3111241468834901,0.1868071544601465,0.2246641911734435,0.20416287202386457,0.1982632785164172,0.20765261158085313
39978,214.91876,52.936608,8.77,2.221,0.09943,3.3030303030303028,0.20272810376960215,0.23387455839865773,0.30068393244448377,0.3010749322862374,0.18125779174371554,0.11792567531741102,0.12466327608924388,0.15449752493007998,0.12217443537588649,0.1259731559259616
40107,214.814492,52.864947,8.6,4.072,2.479,4.454545454545454,0.17814435010572854,0.16789683274150075,0.25727173255480995,0.3217320192991723,0.2666696043505277,0.11989554188433439,0.11728632260784926,0.245044125922178,0.12747556398055923,0.1602411434159427
40210,214.775409,52.83853,8.55,2.813,0.3429,6.373737373737374,0.1471064017016382,0.15275929170405372,0.16062554181892585,0.23166295466473386,0.1437158784235209,0.10076664788470682,0.09802703025792185,0.13600414260013607,0.10009667304840027,0.12093510114943928
40295,214.806213,52.861999,8.25,2.067,5.919,2.3434343434343434,0.19961667467389926,0.2051656319427153,0.2204449645245974,0.32723726890740074,0.3058998191123131,0.13747515344622557,0.12504668392683205,0.21422728385222622,0.15355494375039114,0.16968004450336266
40394,214.999013,53.000304,7.42,0.444,0.001149,2.3434343434343434,0.3132980754212315,0.2853231519543297,0.5748978068406532,0.6445658277925376,0.33603322668025226,0.11634955028472767,0.11783624699275409,0.3402849826352241,0.13655063637807074,0.18474131403060773
40607,214.747869,52.839382,8.14,1.689,1.481,1.9595959595959596,0.13890431907297762,0.17295792367650825,0.17912436866316117,0.19813257780912735,0.18032033980653492,0.1277083193186302,0.1189545840562375,0.15929348608598176,0.1290375797146897,0.14954338140382328
40990,214.823428,52.886855,8.87,2.396,0.1263,5.222222222222222,0.35374790080804186,0.3440919783934707,0.47166176712692964,0.4351878919982445,0.2476450961226842,0.14122221880865454,0.12677712941619532,0.16805403401038704,0.12912390841148846,0.10661878435825303
41000,215.003058,53.01369,8.77,3.003,1.828,2.5353535353535355,0.13929820626204908,0.15682057304647085,0.1438566867196136,0.16339304049404071,0.1738244725872961,0.10868964056966204,0.11823959670679442,0.1514613955332254,0.1400753098884579,0.13867560011691082
41026,214.743128,52.829018,8.66,1.917,0.07552,2.5353535353535355,0.17849972632285832,0.16141334249569508,0.1834966391945891,0.21927613278228703,0.17755411566959695,0.12284554122081687,0.1370893520415024,0.16353372026757496,0.1607253763026123,0.1425354602846824
41153,214.766395,52.8455,8.89,4.15,0.4063,1.3838383838383839,0.18941851661316997,0.18746772174697257,0.34439984333131,0.35782009529250214,0.2517049144757061,0.1386589822001058,0.11935882946322235,0.3263627184527954,0.1600120393244093,0.16379020538628192
